{"cameraMode":{"drawMode":0,"name":"Shaded","section":"Shading Mode"},"sceneLighting":true,"audioPlay":false,"sceneViewState":{"showFog":true,"showMaterialUpdate":true,"showSkybox":true,"showFlares":true,"showImageEffects":true,"showParticleSystems":true},"in2DMode":false,"pivot":{"x":56.88370895385742,"y":9.621508598327637,"z":6.709731578826904},"rotation":{"x":-0.20795601606369019,"y":0.5842440724372864,"z":-0.15812085568904878,"w":-0.7683820724487305},"size":19.7066650390625,"orthographic":false}